<?xml version="1.0"?>

<extension>
<id>PowerCenter.2.2.0</id>
        <name>PLUGIN_POWERCENTER</name>
        <module>Plugins::PowerCenter::Plugin</module>
        <version>2.2.0</version>
        <description>PLUGIN_POWERCENTER_DESC</description>
        <creator>Peter Watkins</creator>
        <email>peterw@tux.org</email>
	<defaultState>enabled</defaultState>
        <homepageURL>http://www.tux.org/~peterw/#slim</homepageURL>
	<optionsURL>plugins/PowerCenter/settings/basic.html</optionsURL>        
	<type>2</type><!-- type=extension -->
        <targetApplication><id>SlimServer</id>
                <minVersion>7.0a</minVersion>
                <maxVersion>*</maxVersion>
        </targetApplication>
</extension>
